model,precision,recall,f1,accuracy,auc,fpr,fnr
svm_rbf,0.9753694581280788,0.99,0.9826302729528535,0.9825174825174825,0.9977030938123752,0.0249500998003992,0.01
random_forest,0.998003992015968,1.0,0.999000999000999,0.999000999000999,0.999999001996008,0.001996007984031936,0.0
gradient_boost,0.9989711934156379,0.971,0.9847870182555781,0.985014985014985,0.9998882235528943,0.000998003992015968,0.029
log_reg,1.0,0.7,0.8235294117647058,0.8501498501498501,0.736318363273453,0.0,0.3
